<?xml version="1.0" encoding="UTF-8"?>
<project-private xmlns="http://www.netbeans.org/ns/project-private/1">
    <editor-bookmarks xmlns="http://www.netbeans.org/ns/editor-bookmarks/2" lastBookmarkId="0"/>
    <open-files xmlns="http://www.netbeans.org/ns/projectui-open-files/2">
        <group>
            <file>file:/C:/Users/ASUS/Documents/NetBeansProjects/netFX/src/chartData.java</file>
            <file>file:/C:/Users/ASUS/Documents/NetBeansProjects/netFX/src/logo.png</file>
            <file>file:/C:/Users/ASUS/Documents/NetBeansProjects/netFX/src/style.css</file>
            <file>file:/C:/Users/ASUS/Documents/NetBeansProjects/netFX/src/TicTacMainGUI.java</file>
        </group>
    </open-files>
</project-private>
